id;agenturnummer;name;adresse;email;telefonnr;created
1;maroon Car;Handmade Soft Car black;deposit Ohio;Stephon67@hotmail.com;copying redefine Personal Loan Account;2020-12-17T05:29:54
2;violet Unbranded Fresh Hat;solution-oriented synthesize Handmade;Incredible Dynamic multi-byte;Susie.Lesch@gmail.com;Face to face;2020-12-16T13:55:17
3;multi-byte Associate Brand;Home Loan Account reinvent Cheese;TCP;Jazmyn.Flatley@gmail.com;deposit;2020-12-16T20:07:31
4;synergistic;Intranet users schemas;Small Incredible Fresh Fish;Jack.Friesen59@yahoo.com;card;2020-12-16T21:32:20
5;reboot Land;virtual Intelligent Cotton Cheese firewall;Money Market Account optical;Horace.Stark@hotmail.com;brand District parse;2020-12-16T15:44:14
6;District auxiliary;overriding;New Jersey Practical Steel Shirt Kids;Berry_Bartell51@gmail.com;Tasty Steel Table zero administration Personal Loan Account;2020-12-17T00:46:41
7;Pre-emptive;Rand Namibia Dollar parse Principal;Buckinghamshire;Jordy46@yahoo.com;capacity;2020-12-17T01:19:21
8;generate;deposit Home Loan Account;Diverse mint green Congolese Franc;Tiara.McGlynn78@gmail.com;open-source Electronics COM;2020-12-16T21:35:48
9;Flats Optimization;Steel online;Kids Centralized;Wiley.Frami@yahoo.com;Global Security;2020-12-16T16:22:56
10;explicit Kids;copy Group;backing up;Liliane.Schmeler84@hotmail.com;haptic;2020-12-16T13:19:28
