id;anrede;name;vorname;email;strasse;plzort;telefonnr;iban;created
1;FRAU;Pizza Licensed Soft Cheese;AI Plains;Sam_Deckow52@hotmail.com;reboot;circuit;Function-based granular;PT09770030090064100520264;2020-12-16T15:16:28
2;HERR;auxiliary Open-architected;synthesize SDD Corner;Lindsay_Macejkovic@hotmail.com;Cotton;orchid;South Dakota Borders Cotton;MR3510020087600059507700812;2020-12-16T23:46:02
3;ANDERE;Assurance Internal protocol;Team-oriented envisioneer Industrial;Thelma_McGlynn56@gmail.com;Falkland Islands Pound B2C back-end;Central African Republic;Soft Programmable deposit;GB86AZLY03000810028298;2020-12-16T19:13:33
4;HERR;bandwidth;Music withdrawal;Santa_Lind@gmail.com;Integration;Music engineer;Incredible capacitor redundant;FI6497600751773661;2020-12-16T17:55:47
5;ANDERE;Beauty;Fiji Dollar multi-tasking;Stephan_Abbott32@gmail.com;Accountability Granite;Home Loan Account unleash Home Loan Account;Oval;TN7449369102008708656071;2020-12-16T17:31:20
6;FRAU;bandwidth;Tools reboot;Maxie65@hotmail.com;sensor;Unions mobile;Maryland Movies back up;DK7500788734026084;2020-12-16T12:41:00
7;HERR;New Israeli Sheqel Plastic;24/7 mindshare virtual;Natasha51@gmail.com;real-time web-readiness;Ohio;Balanced;BA862890480940438217;2020-12-16T10:07:25
8;ANDERE;Solutions deposit;USB;Kyle.Ernser@hotmail.com;Bahrain;Intelligent Rustic;fresh-thinking withdrawal Seamless;CZ2977110094500095005669;2020-12-17T02:26:59
9;HERR;maximize;encompassing Lebanon payment;Spencer90@hotmail.com;Avon;De-engineered Computer;Garden;EE327390306600080561;2020-12-16T15:31:17
10;FRAU;Faroe Islands cultivate;Product Personal Loan Account eyeballs;Gussie.Wuckert@hotmail.com;markets;bus;Berkshire;LT770626162009307559;2020-12-16T12:49:32
